cluster.no	I106917-T2-1-D1-2	I106917-T2-2-D1-2	I106917-T2-3-D1-2	I106917-T2-4-D1-2	no.of.mutations	no.samples
13	1.061255462	1.061847534	1.029069301	1.046570543	9085	4
3	0	0.0001297964106	0.985951925	0.0001091302149	361	1
10	0.994834084	0.0008330808998	0.001078873043	0.0004671344447	345	1
5	0.0001396901178	0.3019343965	0.002127593688	0.0004909071237	283	1
2	0.000107930954	0.0001640678529	8.21E-05	1.005979085	275	1
1	0.0005141905138	0.000388759733	3.29E-05	0.2611855692	221	1
8	0.4219563055	0	0	0	186	1
6	0	1.0213718	0.004564821534	0.0002700208966	152	1